date,time,symbol,last_price,volume,high,low
2026-01-09,12:33:28,BTCUSDT,0.0,143.92100000000138,91581.0,89279.5
2026-01-09,12:34:28,BTCUSDT,0.0,144.05000000000126,91581.0,89279.5
2026-01-09,12:35:29,BTCUSDT,0.0,144.05000000000126,91581.0,89279.5
2026-01-09,12:36:29,BTCUSDT,0.0,144.05000000000126,91581.0,89279.5
2026-01-09,12:37:30,BTCUSDT,0.0,144.05000000000126,91581.0,89279.5
2026-01-09,12:38:47,BTCUSDT,0.0,144.05000000000126,91581.0,89279.5
2026-01-09,12:39:48,BTCUSDT,0.0,143.71600000000132,91581.0,89279.5
2026-01-09,12:40:48,BTCUSDT,0.0,143.71600000000132,91581.0,89279.5
2026-01-09,12:41:49,BTCUSDT,0.0,143.71600000000132,91581.0,89279.5
2026-01-09,12:42:49,BTCUSDT,0.0,143.71600000000132,91581.0,89279.5
2026-01-09,12:43:50,BTCUSDT,0.0,143.71600000000132,91581.0,89279.5
2026-01-09,12:44:50,BTCUSDT,0.0,143.71600000000132,91581.0,89279.5
2026-01-09,12:45:51,BTCUSDT,0.0,143.71600000000132,91581.0,89279.5
2026-01-09,12:46:51,BTCUSDT,0.0,143.71600000000132,91581.0,89279.5
2026-01-09,12:47:52,BTCUSDT,0.0,143.71600000000132,91581.0,89279.5
2026-01-09,12:48:52,BTCUSDT,0.0,143.71600000000132,91581.0,89279.5
2026-01-09,12:49:52,BTCUSDT,0.0,143.2670000000014,91581.0,89279.5
2026-01-09,12:50:52,BTCUSDT,0.0,143.2670000000014,91581.0,89279.5
2026-01-09,12:59:27,BTCUSDT,0.0,142.77600000000126,91581.0,89279.5
2026-01-09,13:00:28,BTCUSDT,0.0,142.8680000000013,91581.0,89279.5
2026-01-09,13:01:28,BTCUSDT,0.0,142.8680000000013,91581.0,89279.5
2026-01-09,13:02:29,BTCUSDT,0.0,142.8680000000013,91581.0,89279.5
2026-01-09,13:03:31,BTCUSDT,0.0,142.8680000000013,91581.0,89279.5
2026-01-09,13:04:31,BTCUSDT,0.0,142.8680000000013,91581.0,89279.5
2026-01-09,13:05:32,BTCUSDT,0.0,142.96100000000132,91581.0,89279.5
2026-01-09,13:09:30,BTCUSDT,0.0,142.96100000000132,91581.0,89279.5
2026-01-09,13:10:31,BTCUSDT,0.0,142.99500000000126,91581.0,89279.5
2026-01-09,13:11:31,BTCUSDT,0.0,142.99500000000126,91581.0,89279.5
2026-01-09,13:12:31,BTCUSDT,0.0,142.99500000000126,91581.0,89279.5
2026-01-09,13:13:32,BTCUSDT,0.0,142.99500000000126,91581.0,89279.5
2026-01-09,13:14:32,BTCUSDT,0.0,142.99500000000126,91581.0,89279.5
2026-01-09,13:15:33,BTCUSDT,0.0,143.03700000000123,91581.0,89279.5
2026-01-09,13:16:35,BTCUSDT,0.0,143.03700000000123,91581.0,89279.5
2026-01-09,13:17:36,BTCUSDT,0.0,143.03700000000123,91581.0,89279.5
2026-01-09,13:18:36,BTCUSDT,0.0,143.03700000000123,91581.0,89279.5
2026-01-09,13:19:37,BTCUSDT,0.0,143.03700000000123,91581.0,89279.5
2026-01-09,13:21:34,BTCUSDT,0.0,143.03700000000123,91581.0,89279.5
2026-01-09,13:22:34,BTCUSDT,0.0,143.03700000000123,91581.0,89279.5
2026-01-09,13:23:42,BTCUSDT,0.0,143.03700000000123,91581.0,89279.5
2026-01-09,13:24:43,BTCUSDT,0.0,143.03700000000123,91581.0,89279.5
2026-01-09,13:25:43,BTCUSDT,0.0,142.9390000000012,91581.0,89279.5
2026-01-09,13:26:45,BTCUSDT,0.0,142.9390000000012,91581.0,89279.5
2026-01-09,13:27:45,BTCUSDT,0.0,142.9390000000012,91581.0,89279.5
2026-01-09,13:28:46,BTCUSDT,0.0,142.9390000000012,91581.0,89279.5
2026-01-09,13:29:47,BTCUSDT,0.0,142.9390000000012,91581.0,89279.5
2026-01-09,13:30:48,BTCUSDT,0.0,144.4310000000012,91581.0,89279.5
2026-01-09,13:31:48,BTCUSDT,0.0,144.4310000000012,91581.0,89279.5
2026-01-09,13:32:49,BTCUSDT,0.0,144.4310000000012,91581.0,89279.5
2026-01-09,13:33:50,BTCUSDT,0.0,144.4310000000012,91581.0,89279.5
2026-01-09,13:34:50,BTCUSDT,0.0,144.4310000000012,91581.0,89279.5
2026-01-09,13:35:51,BTCUSDT,0.0,144.4310000000012,91581.0,89279.5
2026-01-09,13:36:51,BTCUSDT,0.0,144.4310000000012,91581.0,89279.5
2026-01-09,13:37:52,BTCUSDT,0.0,144.4310000000012,91581.0,89279.5
2026-01-09,13:38:52,BTCUSDT,0.0,144.4310000000012,91581.0,89279.5
2026-01-09,13:39:53,BTCUSDT,0.0,144.4310000000012,91581.0,89279.5
2026-01-09,13:40:53,BTCUSDT,0.0,145.66600000000133,91581.0,89279.5
2026-01-09,13:41:54,BTCUSDT,0.0,145.66600000000133,91581.0,89279.5
2026-01-09,13:42:54,BTCUSDT,0.0,145.66600000000133,91581.0,89279.5
2026-01-09,13:43:55,BTCUSDT,0.0,145.66600000000133,91581.0,89279.5
2026-01-09,13:44:55,BTCUSDT,0.0,145.66600000000133,91581.0,89279.5
2026-01-09,13:45:56,BTCUSDT,0.0,145.77000000000132,91581.0,89279.5
2026-01-09,13:46:57,BTCUSDT,0.0,145.77000000000132,91581.0,89279.5
2026-01-09,13:47:57,BTCUSDT,0.0,145.77000000000132,91581.0,89279.5
2026-01-09,13:48:58,BTCUSDT,0.0,145.77000000000132,91581.0,89279.5
2026-01-09,13:49:58,BTCUSDT,0.0,145.77000000000132,91581.0,89279.5
2026-01-09,13:50:59,BTCUSDT,0.0,145.77000000000132,91581.0,89279.5
2026-01-09,13:52:00,BTCUSDT,0.0,145.77000000000132,91581.0,89279.5
2026-01-09,13:53:00,BTCUSDT,0.0,145.77000000000132,91581.0,89279.5
2026-01-09,13:54:01,BTCUSDT,0.0,145.77000000000132,91581.0,89279.5
2026-01-09,13:55:02,BTCUSDT,0.0,145.77000000000132,91581.0,89279.5
2026-01-09,13:56:02,BTCUSDT,0.0,145.61700000000127,91581.0,89279.5
2026-01-09,13:57:03,BTCUSDT,0.0,145.61700000000127,91581.0,89279.5
2026-01-09,13:58:04,BTCUSDT,0.0,145.61700000000127,91581.0,89279.5
2026-01-09,13:59:04,BTCUSDT,0.0,145.61700000000127,91581.0,89279.5
2026-01-09,14:00:05,BTCUSDT,0.0,145.61700000000127,91581.0,89279.5
2026-01-09,14:01:05,BTCUSDT,0.0,145.0970000000013,91581.0,89279.5
2026-01-09,14:02:06,BTCUSDT,0.0,145.0970000000013,91581.0,89279.5
2026-01-09,14:03:06,BTCUSDT,0.0,145.0970000000013,91581.0,89279.5
2026-01-09,14:04:07,BTCUSDT,0.0,145.0970000000013,91581.0,89279.5
2026-01-09,14:05:08,BTCUSDT,0.0,145.0970000000013,91581.0,89279.5
2026-01-09,14:06:08,BTCUSDT,0.0,144.22200000000132,91581.0,89279.5
2026-01-09,14:07:09,BTCUSDT,0.0,144.22200000000132,91581.0,89279.5
2026-01-09,14:08:10,BTCUSDT,0.0,144.22200000000132,91581.0,89279.5
2026-01-09,14:09:10,BTCUSDT,0.0,144.22200000000132,91581.0,89279.5
2026-01-09,14:10:11,BTCUSDT,0.0,144.22200000000132,91581.0,89279.5
2026-01-09,14:24:57,BTCUSDT,0.0,143.32700000000116,91581.0,89279.5
2026-01-09,14:25:28,BTCUSDT,0.0,143.32700000000116,91581.0,89279.5
2026-01-09,14:25:59,BTCUSDT,0.0,143.32700000000116,91581.0,89279.5
2026-01-09,14:26:30,BTCUSDT,0.0,141.94900000000123,91581.0,89279.5
2026-01-09,14:27:01,BTCUSDT,0.0,141.94900000000123,91581.0,89279.5
2026-01-09,14:27:31,BTCUSDT,0.0,141.94900000000123,91581.0,89279.5
2026-01-09,14:28:02,BTCUSDT,0.0,141.94900000000123,91581.0,89279.5
2026-01-09,14:28:33,BTCUSDT,0.0,141.94900000000123,91581.0,89279.5
2026-01-09,14:29:04,BTCUSDT,0.0,141.94900000000123,91581.0,89279.5
2026-01-09,14:29:35,BTCUSDT,0.0,141.94900000000123,91581.0,89279.5
2026-01-09,14:30:09,BTCUSDT,0.0,141.94900000000123,91581.0,89279.5
2026-01-09,14:31:43,BTCUSDT,0.0,141.94900000000123,91581.0,89279.5
2026-01-09,14:32:14,BTCUSDT,0.0,141.94900000000123,91581.0,89279.5
2026-01-09,14:32:45,BTCUSDT,0.0,141.94900000000123,91581.0,89279.5
2026-01-09,14:33:16,BTCUSDT,0.0,141.94900000000123,91581.0,89279.5
2026-01-09,14:33:47,BTCUSDT,0.0,141.94900000000123,91581.0,89279.5
2026-01-09,14:34:18,BTCUSDT,0.0,141.94900000000123,91581.0,89279.5
2026-01-09,14:34:49,BTCUSDT,0.0,141.94900000000123,91581.0,89279.5
2026-01-09,14:35:20,BTCUSDT,0.0,141.94900000000123,91581.0,89279.5
2026-01-09,14:35:51,BTCUSDT,0.0,141.94900000000123,91581.0,89279.5
2026-01-09,14:36:22,BTCUSDT,0.0,141.94900000000123,91581.0,89279.5
2026-01-09,14:36:53,BTCUSDT,0.0,139.6930000000015,91581.0,89279.5
2026-01-09,14:37:24,BTCUSDT,0.0,139.6930000000015,91581.0,89279.5
2026-01-09,14:37:55,BTCUSDT,0.0,139.6930000000015,91581.0,89279.5
2026-01-09,14:38:26,BTCUSDT,0.0,139.6930000000015,91581.0,89279.5
2026-01-09,14:38:56,BTCUSDT,0.0,139.6930000000015,91581.0,89279.5
2026-01-09,14:39:27,BTCUSDT,0.0,139.6930000000015,91581.0,89279.5
2026-01-09,14:39:58,BTCUSDT,0.0,139.6930000000015,91581.0,89279.5
2026-01-09,14:40:29,BTCUSDT,0.0,139.6930000000015,91581.0,89279.5
2026-01-09,14:41:00,BTCUSDT,0.0,139.6930000000015,91581.0,89279.5
2026-01-09,14:41:31,BTCUSDT,0.0,139.6930000000015,91581.0,89279.5
2026-01-09,14:42:01,BTCUSDT,0.0,139.6930000000015,91581.0,89279.5
2026-01-09,14:42:32,BTCUSDT,0.0,139.6930000000015,91581.0,89279.5
2026-01-09,14:43:03,BTCUSDT,0.0,139.6930000000015,91581.0,89279.5
2026-01-09,14:43:34,BTCUSDT,0.0,139.6930000000015,91581.0,89279.5
2026-01-09,14:44:05,BTCUSDT,0.0,139.6930000000015,91581.0,89279.5
2026-01-09,14:44:35,BTCUSDT,0.0,139.6930000000015,91581.0,89279.5
2026-01-09,14:45:06,BTCUSDT,0.0,139.6930000000015,91581.0,89279.5
2026-01-09,14:45:37,BTCUSDT,0.0,139.6930000000015,91581.0,89279.5
2026-01-09,14:46:08,BTCUSDT,0.0,139.6930000000015,91581.0,89279.5
2026-01-09,14:46:39,BTCUSDT,0.0,139.6930000000015,91581.0,89279.5
2026-01-09,14:47:09,BTCUSDT,0.0,139.0610000000016,91581.0,89279.5
2026-01-09,14:47:40,BTCUSDT,0.0,139.0610000000016,91581.0,89279.5
2026-01-09,14:48:11,BTCUSDT,0.0,139.0610000000016,91581.0,89279.5
2026-01-09,14:48:42,BTCUSDT,0.0,139.0610000000016,91581.0,89279.5
2026-01-09,14:49:13,BTCUSDT,0.0,139.0610000000016,91581.0,89279.5
2026-01-09,14:49:44,BTCUSDT,0.0,139.0610000000016,91581.0,89279.5
2026-01-09,14:50:15,BTCUSDT,0.0,139.0610000000016,91581.0,89279.5
2026-01-09,14:50:45,BTCUSDT,0.0,139.0610000000016,91581.0,89279.5
2026-01-09,14:51:16,BTCUSDT,0.0,139.0610000000016,91581.0,89279.5
2026-01-09,14:51:48,BTCUSDT,0.0,136.94400000000184,91581.0,89645.5
2026-01-09,14:52:19,BTCUSDT,0.0,136.94400000000184,91581.0,89645.5
2026-01-09,14:52:50,BTCUSDT,0.0,136.94400000000184,91581.0,89645.5
2026-01-09,14:53:21,BTCUSDT,0.0,136.94400000000184,91581.0,89645.5
2026-01-09,14:53:51,BTCUSDT,0.0,136.94400000000184,91581.0,89645.5
2026-01-09,14:54:22,BTCUSDT,0.0,136.94400000000184,91581.0,89645.5
2026-01-09,14:54:56,BTCUSDT,0.0,136.94400000000184,91581.0,89645.5
2026-01-09,14:55:30,BTCUSDT,0.0,136.94400000000184,91581.0,89645.5
2026-01-09,14:56:14,BTCUSDT,0.0,136.94400000000184,91581.0,89645.5
2026-01-09,14:56:46,BTCUSDT,0.0,136.94400000000184,91581.0,89645.5
2026-01-09,14:57:17,BTCUSDT,0.0,136.16700000000145,91581.0,89657.0
2026-01-09,14:57:48,BTCUSDT,0.0,136.16700000000145,91581.0,89657.0
2026-01-09,14:58:18,BTCUSDT,0.0,136.16700000000145,91581.0,89657.0
2026-01-09,14:58:49,BTCUSDT,0.0,136.16700000000145,91581.0,89657.0
2026-01-09,14:59:20,BTCUSDT,0.0,136.16700000000145,91581.0,89657.0
2026-01-09,14:59:51,BTCUSDT,0.0,136.16700000000145,91581.0,89657.0
2026-01-09,15:00:22,BTCUSDT,0.0,136.16700000000145,91581.0,89657.0
2026-01-09,15:00:53,BTCUSDT,0.0,136.16700000000145,91581.0,89657.0
2026-01-09,15:01:24,BTCUSDT,0.0,136.16700000000145,91581.0,89657.0
2026-01-09,15:01:54,BTCUSDT,0.0,136.16700000000145,91581.0,89657.0
2026-01-09,15:02:25,BTCUSDT,0.0,134.85900000000146,91581.0,89657.0
2026-01-09,15:02:56,BTCUSDT,0.0,134.85900000000146,91581.0,89657.0
2026-01-09,15:03:27,BTCUSDT,0.0,134.85900000000146,91581.0,89657.0
2026-01-09,15:03:58,BTCUSDT,0.0,134.85900000000146,91581.0,89657.0
2026-01-09,15:04:29,BTCUSDT,0.0,134.85900000000146,91581.0,89657.0
2026-01-09,15:05:00,BTCUSDT,0.0,134.85900000000146,91581.0,89657.0
2026-01-09,15:05:32,BTCUSDT,0.0,134.85900000000146,91581.0,89657.0
2026-01-09,15:06:03,BTCUSDT,0.0,134.85900000000146,91581.0,89657.0
2026-01-09,15:06:34,BTCUSDT,0.0,134.85900000000146,91581.0,89657.0
2026-01-09,15:07:05,BTCUSDT,0.0,134.6110000000011,91581.0,89657.0
2026-01-09,15:07:36,BTCUSDT,0.0,134.6110000000011,91581.0,89657.0
2026-01-09,15:08:07,BTCUSDT,0.0,134.6110000000011,91581.0,89657.0
2026-01-09,15:08:38,BTCUSDT,0.0,134.6110000000011,91581.0,89657.0
2026-01-09,15:09:08,BTCUSDT,0.0,134.6110000000011,91581.0,89657.0
2026-01-09,15:09:39,BTCUSDT,0.0,134.6110000000011,91581.0,89657.0
2026-01-09,15:10:10,BTCUSDT,0.0,134.6110000000011,91581.0,89657.0
2026-01-09,15:10:41,BTCUSDT,0.0,134.6110000000011,91581.0,89657.0
2026-01-09,15:11:12,BTCUSDT,0.0,134.6110000000011,91581.0,89657.0
2026-01-09,15:11:43,BTCUSDT,0.0,134.6110000000011,91581.0,89657.0
2026-01-09,15:12:14,BTCUSDT,0.0,134.02000000000118,91581.0,89657.0
2026-01-09,15:12:45,BTCUSDT,0.0,134.02000000000118,91581.0,89657.0
2026-01-09,15:13:16,BTCUSDT,0.0,134.02000000000118,91581.0,89657.0
2026-01-09,15:13:47,BTCUSDT,0.0,134.02000000000118,91581.0,89657.0
2026-01-09,15:14:17,BTCUSDT,0.0,134.02000000000118,91581.0,89657.0
2026-01-09,15:14:48,BTCUSDT,0.0,134.02000000000118,91581.0,89657.0
2026-01-09,15:15:19,BTCUSDT,0.0,134.02000000000118,91581.0,89657.0
2026-01-09,15:15:49,BTCUSDT,0.0,134.02000000000118,91581.0,89657.0
2026-01-10,06:16:11,BTCUSDT,0.0,159.8330000000036,91976.0,89657.0
2026-01-10,06:18:12,BTCUSDT,0.0,159.8330000000036,91976.0,89657.0
2026-01-10,06:20:13,BTCUSDT,0.0,159.09700000000365,91976.0,89657.0
2026-01-10,06:22:14,BTCUSDT,0.0,159.09700000000365,91976.0,89657.0
2026-01-10,06:29:47,BTCUSDT,0.0,158.35200000000344,91976.0,89657.0
2026-01-10,06:31:48,BTCUSDT,0.0,158.35200000000344,91976.0,89657.0
2026-01-10,06:47:47,BTCUSDT,0.0,159.64900000000355,91976.0,89657.0
2026-01-10,06:49:48,BTCUSDT,0.0,159.64900000000355,91976.0,89657.0
2026-01-10,06:52:01,BTCUSDT,0.0,159.64900000000355,91976.0,89657.0
2026-01-10,06:54:07,BTCUSDT,0.0,159.64900000000355,91976.0,89657.0
2026-01-10,06:56:07,BTCUSDT,0.0,159.54100000000363,91976.0,89657.0
2026-01-10,06:58:08,BTCUSDT,0.0,159.54100000000363,91976.0,89657.0
2026-01-10,07:00:09,BTCUSDT,0.0,159.54100000000363,91976.0,89657.0
2026-01-10,07:02:11,BTCUSDT,0.0,159.54100000000363,91976.0,89657.0
2026-01-10,07:04:12,BTCUSDT,0.0,159.54100000000363,91976.0,89657.0
2026-01-10,07:06:13,BTCUSDT,0.0,159.5640000000036,91976.0,89657.0
2026-01-10,07:08:14,BTCUSDT,0.0,159.5640000000036,91976.0,89657.0
2026-01-10,07:10:15,BTCUSDT,0.0,159.47200000000356,91976.0,89657.0
2026-01-10,07:12:15,BTCUSDT,0.0,159.47200000000356,91976.0,89657.0
2026-01-10,07:14:16,BTCUSDT,0.0,159.47200000000356,91976.0,89657.0
2026-01-10,07:16:16,BTCUSDT,0.0,160.55100000000357,91976.0,89657.0
2026-01-10,07:18:17,BTCUSDT,0.0,160.55100000000357,91976.0,89657.0
2026-01-10,07:20:20,BTCUSDT,0.0,160.55100000000357,91976.0,89657.0
2026-01-10,07:22:21,BTCUSDT,0.0,160.55100000000357,91976.0,89657.0
2026-01-10,07:24:22,BTCUSDT,0.0,160.55100000000357,91976.0,89657.0
2026-01-10,07:26:23,BTCUSDT,0.0,160.42400000000362,91976.0,89657.0
2026-01-10,07:28:24,BTCUSDT,0.0,160.42400000000362,91976.0,89657.0
2026-01-10,07:30:24,BTCUSDT,0.0,160.42400000000362,91976.0,89657.0
2026-01-10,07:32:25,BTCUSDT,0.0,160.42400000000362,91976.0,89657.0
2026-01-10,07:34:26,BTCUSDT,0.0,160.42400000000362,91976.0,89657.0
2026-01-10,07:36:27,BTCUSDT,0.0,160.37300000000369,91976.0,89657.0
2026-01-10,07:38:28,BTCUSDT,0.0,160.37300000000369,91976.0,89657.0
2026-01-10,07:40:29,BTCUSDT,0.0,159.6210000000038,91976.0,89657.0
2026-01-10,07:42:30,BTCUSDT,0.0,159.6210000000038,91976.0,89657.0
2026-01-10,07:44:30,BTCUSDT,0.0,159.6210000000038,91976.0,89657.0
2026-01-10,07:46:31,BTCUSDT,0.0,159.6210000000038,91976.0,89657.0
2026-01-11,05:01:23,BTCUSDT,0.0,132.43300000000266,90800.0,90359.0
2026-01-11,05:03:03,BTCUSDT,0.0,132.43300000000266,90800.0,90359.0
2026-01-11,05:04:44,BTCUSDT,0.0,132.4050000000027,90800.0,90359.0
2026-01-11,05:09:38,BTCUSDT,0.0,132.62900000000275,90800.0,90359.0
2026-01-11,05:11:18,BTCUSDT,0.0,132.62900000000275,90800.0,90359.0
2026-01-11,05:20:48,BTCUSDT,0.0,132.5630000000028,90800.0,90359.0
2026-01-11,05:22:29,BTCUSDT,0.0,132.5630000000028,90800.0,90359.0
2026-01-11,05:24:10,BTCUSDT,0.0,132.7730000000028,90800.0,90359.0
2026-01-11,05:25:51,BTCUSDT,0.0,132.7730000000028,90800.0,90359.0
2026-01-11,05:27:32,BTCUSDT,0.0,132.7730000000028,90800.0,90359.0
2026-01-11,05:29:13,BTCUSDT,0.0,133.1850000000029,90800.0,90359.0
2026-01-11,05:30:53,BTCUSDT,0.0,133.1850000000029,90800.0,90359.0
2026-01-11,05:32:34,BTCUSDT,0.0,133.1850000000029,90800.0,90359.0
2026-01-11,05:34:14,BTCUSDT,0.0,133.1850000000029,90800.0,90359.0
2026-01-11,05:35:55,BTCUSDT,0.0,133.1850000000029,90800.0,90359.0
2026-01-11,05:37:36,BTCUSDT,0.0,133.1850000000029,90800.0,90359.0
2026-01-11,05:39:16,BTCUSDT,0.0,133.6980000000029,90800.0,90359.0
2026-01-11,05:40:59,BTCUSDT,0.0,133.6980000000029,90800.0,90359.0
2026-01-11,05:42:40,BTCUSDT,0.0,133.6980000000029,90800.0,90359.0
2026-01-11,05:44:21,BTCUSDT,0.0,135.0990000000029,90800.0,90359.0
2026-01-11,05:46:01,BTCUSDT,0.0,135.33600000000285,90800.0,90359.0
2026-01-11,05:47:42,BTCUSDT,0.0,135.33600000000285,90810.5,90359.0
2026-01-11,05:49:23,BTCUSDT,0.0,135.33600000000285,90810.5,90359.0
2026-01-11,05:51:03,BTCUSDT,0.0,138.4210000000029,90810.5,90359.0
2026-01-11,05:52:44,BTCUSDT,0.0,138.4210000000029,90810.5,90359.0
2026-01-11,05:54:25,BTCUSDT,0.0,138.4210000000029,90810.5,90359.0
2026-01-11,05:56:05,BTCUSDT,0.0,138.77800000000292,90810.5,90359.0
2026-01-11,05:57:46,BTCUSDT,0.0,138.77800000000292,90810.5,90359.0
2026-01-11,05:59:34,BTCUSDT,0.0,138.77800000000292,90810.5,90359.0
2026-01-11,06:01:15,BTCUSDT,0.0,138.77800000000292,90810.5,90359.0
2026-01-11,06:02:56,BTCUSDT,0.0,138.77800000000292,90810.5,90359.0
2026-01-11,06:04:37,BTCUSDT,0.0,138.77800000000292,90810.5,90359.0
2026-01-11,06:06:18,BTCUSDT,0.0,138.93700000000305,90810.5,90359.0
2026-01-11,06:07:59,BTCUSDT,0.0,138.93700000000305,90810.5,90359.0
2026-01-11,06:09:39,BTCUSDT,0.0,138.93700000000305,90810.5,90359.0
2026-01-11,06:11:20,BTCUSDT,0.0,138.83100000000303,90810.5,90359.0
2026-01-11,06:13:00,BTCUSDT,0.0,138.83100000000303,90810.5,90359.0
2026-01-11,06:14:41,BTCUSDT,0.0,138.83100000000303,90810.5,90359.0
2026-01-11,06:16:22,BTCUSDT,0.0,139.21300000000315,90810.5,90359.0
2026-01-11,06:18:03,BTCUSDT,0.0,139.21300000000315,90810.5,90359.0
2026-01-11,06:19:43,BTCUSDT,0.0,139.21300000000315,90810.5,90359.0
2026-01-11,06:21:24,BTCUSDT,0.0,139.21300000000315,90810.5,90359.0
2026-01-11,06:23:04,BTCUSDT,0.0,139.21300000000315,90810.5,90359.0
2026-01-11,06:24:45,BTCUSDT,0.0,139.21300000000315,90810.5,90359.0
2026-01-11,06:26:27,BTCUSDT,0.0,140.15900000000318,90810.5,90359.0
2026-01-11,06:28:08,BTCUSDT,0.0,140.15900000000318,90810.5,90359.0
2026-01-11,06:29:48,BTCUSDT,0.0,140.15900000000318,90810.5,90359.0
2026-01-11,06:31:29,BTCUSDT,0.0,141.9740000000032,90810.5,90359.0
2026-01-11,06:33:10,BTCUSDT,0.0,141.9740000000032,90810.5,90359.0
2026-01-11,06:34:51,BTCUSDT,0.0,141.9740000000032,90810.5,90359.0
2026-01-11,06:36:32,BTCUSDT,0.0,141.34300000000326,90810.5,90359.0
2026-01-11,06:38:12,BTCUSDT,0.0,141.34300000000326,90810.5,90359.0
2026-01-11,06:40:00,BTCUSDT,0.0,141.34300000000326,90810.5,90359.0
2026-01-11,06:41:41,BTCUSDT,0.0,141.0030000000034,90810.5,90359.0
2026-01-11,06:43:22,BTCUSDT,0.0,141.0030000000034,90810.5,90359.0
2026-01-11,06:45:05,BTCUSDT,0.0,141.0030000000034,90810.5,90359.0
2026-01-11,06:46:46,BTCUSDT,0.0,141.0030000000034,90810.5,90359.0
2026-01-11,06:48:27,BTCUSDT,0.0,141.0030000000034,90810.5,90359.0
2026-01-11,06:50:13,BTCUSDT,0.0,141.0030000000034,90810.5,90359.0
2026-01-11,06:51:54,BTCUSDT,0.0,141.23900000000347,90810.5,90359.0
2026-01-11,06:53:34,BTCUSDT,0.0,141.23900000000347,90810.5,90359.0
2026-01-11,06:55:15,BTCUSDT,0.0,141.23900000000347,90810.5,90359.0
2026-01-11,06:56:56,BTCUSDT,0.0,141.62700000000345,90810.5,90359.0
2026-01-11,06:58:37,BTCUSDT,0.0,141.62700000000345,90810.5,90359.0
2026-01-11,07:00:17,BTCUSDT,0.0,141.62700000000345,90810.5,90359.0
2026-01-11,07:01:58,BTCUSDT,0.0,141.87100000000345,90810.5,90359.0
2026-01-11,07:03:39,BTCUSDT,0.0,141.87100000000345,90810.5,90359.0
2026-01-11,07:25:29,BTCUSDT,0.0,141.08500000000345,90810.5,90359.0
2026-01-11,07:27:09,BTCUSDT,0.0,141.77200000000346,90810.5,90359.0
2026-01-11,07:28:50,BTCUSDT,0.0,141.77200000000346,90810.5,90359.0
2026-01-11,07:30:31,BTCUSDT,0.0,141.77200000000346,90810.5,90359.0
2026-01-11,07:32:12,BTCUSDT,0.0,141.77200000000346,90810.5,90359.0
2026-01-11,07:33:53,BTCUSDT,0.0,141.77200000000346,90810.5,90359.0
2026-01-11,07:35:33,BTCUSDT,0.0,141.77200000000346,90810.5,90359.0
2026-01-11,07:42:19,BTCUSDT,0.0,142.4900000000035,90810.5,90359.0
2026-01-12,03:31:17,BTCUSDT,0.0,217.6840000000031,92478.5,90207.5
2026-01-12,03:32:05,BTCUSDT,0.0,217.6840000000031,92478.5,90207.5
2026-01-12,03:33:06,BTCUSDT,0.0,217.6840000000031,92478.5,90207.5
2026-01-12,03:34:07,BTCUSDT,0.0,217.6840000000031,92478.5,90207.5
2026-01-12,03:35:07,BTCUSDT,0.0,217.6840000000031,92478.5,90207.5
2026-01-12,03:36:08,BTCUSDT,0.0,219.22800000000308,92478.5,90207.5
2026-01-12,03:37:09,BTCUSDT,0.0,219.22800000000308,92478.5,90207.5
2026-01-12,03:38:10,BTCUSDT,0.0,219.22800000000308,92478.5,90207.5
2026-01-12,03:41:45,BTCUSDT,0.0,219.22800000000308,92478.5,90207.5
2026-01-12,03:42:46,BTCUSDT,0.0,219.22800000000308,92478.5,90207.5
2026-01-12,03:43:47,BTCUSDT,0.0,219.22800000000308,92478.5,90207.5
2026-01-12,03:44:48,BTCUSDT,0.0,219.22800000000308,92478.5,90207.5
2026-01-12,03:45:49,BTCUSDT,0.0,219.22800000000308,92478.5,90207.5
2026-01-12,03:46:49,BTCUSDT,0.0,221.04800000000313,92478.5,90207.5
2026-01-12,03:47:50,BTCUSDT,0.0,221.04800000000313,92478.5,90207.5
2026-01-12,03:48:51,BTCUSDT,0.0,221.04800000000313,92478.5,90207.5
2026-01-12,03:49:52,BTCUSDT,0.0,221.04800000000313,92478.5,90207.5
2026-01-12,03:50:53,BTCUSDT,0.0,221.04800000000313,92478.5,90207.5
2026-01-12,03:51:54,BTCUSDT,0.0,221.04800000000313,92478.5,90207.5
2026-01-12,03:52:55,BTCUSDT,0.0,221.04800000000313,92478.5,90207.5
2026-01-12,03:53:56,BTCUSDT,0.0,221.04800000000313,92478.5,90207.5
2026-01-12,03:54:57,BTCUSDT,0.0,221.04800000000313,92478.5,90207.5
2026-01-12,03:55:58,BTCUSDT,0.0,221.04800000000313,92478.5,90207.5
2026-01-12,03:56:59,BTCUSDT,0.0,220.67800000000318,92478.5,90207.5
2026-01-12,03:58:00,BTCUSDT,0.0,220.67800000000318,92478.5,90207.5
2026-01-12,03:59:00,BTCUSDT,0.0,220.67800000000318,92478.5,90207.5
2026-01-12,04:00:01,BTCUSDT,0.0,220.67800000000318,92478.5,90207.5
2026-01-12,04:01:02,BTCUSDT,0.0,220.67800000000318,92478.5,90207.5
2026-01-12,04:02:03,BTCUSDT,0.0,220.67800000000318,92478.5,90207.5
2026-01-12,04:03:04,BTCUSDT,0.0,220.67800000000318,92478.5,90207.5
2026-01-12,04:04:04,BTCUSDT,0.0,220.67800000000318,92478.5,90207.5
2026-01-12,04:05:05,BTCUSDT,0.0,220.67800000000318,92478.5,90207.5
2026-01-12,04:10:04,BTCUSDT,0.0,221.70300000000324,92478.5,90207.5
2026-01-12,04:14:07,BTCUSDT,0.0,221.70300000000324,92478.5,90207.5
2026-01-12,04:15:16,BTCUSDT,0.0,221.70300000000324,92478.5,90207.5
2026-01-12,04:16:18,BTCUSDT,0.0,221.70300000000324,92478.5,90207.5
2026-01-12,04:17:19,BTCUSDT,0.0,222.88600000000324,92478.5,90207.5
2026-01-12,04:18:20,BTCUSDT,0.0,222.88600000000324,92478.5,90207.5
2026-01-12,04:19:21,BTCUSDT,0.0,222.88600000000324,92478.5,90207.5
2026-01-12,04:20:21,BTCUSDT,0.0,222.88600000000324,92478.5,90207.5
2026-01-12,04:21:22,BTCUSDT,0.0,222.88600000000324,92478.5,90207.5
2026-01-12,04:22:23,BTCUSDT,0.0,222.88600000000324,92478.5,90207.5
2026-01-12,04:23:24,BTCUSDT,0.0,223.28800000000325,92478.5,90207.5
2026-01-12,04:24:25,BTCUSDT,0.0,223.28800000000325,92478.5,90207.5
2026-01-12,04:25:26,BTCUSDT,0.0,223.28800000000325,92478.5,90207.5
2026-01-12,04:26:27,BTCUSDT,0.0,223.28800000000325,92478.5,90207.5
2026-01-12,04:27:28,BTCUSDT,0.0,223.28800000000325,92478.5,90207.5
2026-01-12,04:28:29,BTCUSDT,0.0,223.33700000000326,92478.5,90207.5
2026-01-12,04:29:30,BTCUSDT,0.0,223.33700000000326,92478.5,90207.5
2026-01-12,04:30:31,BTCUSDT,0.0,223.33700000000326,92478.5,90207.5
2026-01-12,05:39:25,BTCUSDT,0.0,225.6330000000033,92478.5,90207.5
2026-01-12,05:40:26,BTCUSDT,0.0,225.36900000000333,92478.5,90207.5
2026-01-12,05:41:27,BTCUSDT,0.0,225.36900000000333,92478.5,90207.5
2026-01-12,05:42:29,BTCUSDT,0.0,225.36900000000333,92478.5,90207.5
2026-01-12,05:43:31,BTCUSDT,0.0,225.36900000000333,92478.5,90207.5
2026-01-12,05:44:31,BTCUSDT,0.0,225.36900000000333,92478.5,90207.5
2026-01-12,05:45:35,BTCUSDT,0.0,224.60600000000338,92478.5,90207.5
2026-01-12,05:46:41,BTCUSDT,0.0,224.60600000000338,92478.5,90207.5
2026-01-12,05:47:53,BTCUSDT,0.0,224.60600000000338,92478.5,90207.5
2026-01-12,05:48:55,BTCUSDT,0.0,224.60600000000338,92478.5,90207.5
2026-01-12,05:49:57,BTCUSDT,0.0,224.60600000000338,92478.5,90207.5
2026-01-12,05:50:58,BTCUSDT,0.0,224.87800000000337,92478.5,90207.5
2026-01-12,05:51:59,BTCUSDT,0.0,224.87800000000337,92478.5,90207.5
2026-01-12,05:53:00,BTCUSDT,0.0,224.87800000000337,92478.5,90207.5
2026-01-12,06:03:46,BTCUSDT,0.0,221.59400000000346,92478.5,90207.5
2026-01-12,06:04:47,BTCUSDT,0.0,221.59400000000346,92478.5,90207.5
2026-01-12,06:05:48,BTCUSDT,0.0,221.76200000000347,92478.5,90207.5
2026-01-12,06:06:48,BTCUSDT,0.0,221.76200000000347,92478.5,90207.5
2026-01-12,06:07:49,BTCUSDT,0.0,221.76200000000347,92478.5,90207.5
2026-01-12,06:08:50,BTCUSDT,0.0,221.76200000000347,92478.5,90207.5
2026-01-12,06:09:51,BTCUSDT,0.0,221.76200000000347,92478.5,90207.5
2026-01-12,06:10:51,BTCUSDT,0.0,221.7940000000035,92478.5,90207.5
2026-01-12,06:11:52,BTCUSDT,0.0,221.7940000000035,92478.5,90207.5
2026-01-12,06:12:54,BTCUSDT,0.0,221.7940000000035,92478.5,90207.5
2026-01-12,06:13:54,BTCUSDT,0.0,221.7940000000035,92478.5,90207.5
2026-01-12,06:14:55,BTCUSDT,0.0,221.7940000000035,92478.5,90207.5
2026-01-12,06:15:56,BTCUSDT,0.0,221.7940000000035,92478.5,90207.5
2026-01-12,06:16:56,BTCUSDT,0.0,221.8280000000035,92478.5,90207.5
2026-01-12,06:17:57,BTCUSDT,0.0,221.8280000000035,92478.5,90207.5
2026-01-12,06:18:58,BTCUSDT,0.0,221.8280000000035,92478.5,90207.5
2026-01-12,06:19:58,BTCUSDT,0.0,221.8280000000035,92478.5,90207.5
2026-01-12,06:20:59,BTCUSDT,0.0,221.8280000000035,92478.5,90207.5
2026-01-12,06:24:43,BTCUSDT,0.0,220.77700000000323,92478.5,90207.5
2026-01-12,06:25:44,BTCUSDT,0.0,220.77700000000323,92478.5,90207.5
2026-01-12,06:26:44,BTCUSDT,0.0,219.83500000000305,92478.5,90207.5
2026-01-12,06:27:45,BTCUSDT,0.0,219.83500000000305,92478.5,90207.5
2026-01-12,06:28:46,BTCUSDT,0.0,219.83500000000305,92478.5,90207.5
2026-01-12,06:29:50,BTCUSDT,0.0,219.83500000000305,92478.5,90207.5
2026-01-12,06:30:51,BTCUSDT,0.0,219.83500000000305,92478.5,90207.5
2026-01-12,06:31:52,BTCUSDT,0.0,219.83500000000305,92478.5,90207.5
2026-01-12,06:32:52,BTCUSDT,0.0,219.83500000000305,92478.5,90207.5
2026-01-12,06:33:53,BTCUSDT,0.0,219.83500000000305,92478.5,90207.5
2026-01-12,06:34:56,BTCUSDT,0.0,219.83500000000305,92478.5,90207.5
2026-01-12,06:35:59,BTCUSDT,0.0,219.83500000000305,92478.5,90207.5
2026-01-12,06:37:02,BTCUSDT,0.0,220.09200000000303,92478.5,90207.5
2026-01-12,06:38:05,BTCUSDT,0.0,220.09200000000303,92478.5,90207.5
2026-01-12,06:39:05,BTCUSDT,0.0,220.09200000000303,92478.5,90207.5
2026-01-12,06:40:06,BTCUSDT,0.0,220.09200000000303,92478.5,90207.5
2026-01-12,06:41:07,BTCUSDT,0.0,220.09200000000303,92478.5,90207.5
2026-01-12,06:42:07,BTCUSDT,0.0,220.09200000000303,92478.5,90207.5
2026-01-12,06:43:08,BTCUSDT,0.0,220.09200000000303,92478.5,90207.5
2026-01-12,06:44:08,BTCUSDT,0.0,220.09200000000303,92478.5,90207.5
2026-01-12,06:45:10,BTCUSDT,0.0,220.09200000000303,92478.5,90207.5
2026-01-12,06:46:10,BTCUSDT,0.0,220.09200000000303,92478.5,90207.5
2026-01-12,06:47:11,BTCUSDT,0.0,220.71100000000308,92478.5,90207.5
2026-01-12,06:48:11,BTCUSDT,0.0,220.71100000000308,92478.5,90207.5
2026-01-12,06:49:12,BTCUSDT,0.0,220.71100000000308,92478.5,90207.5
2026-01-12,06:50:13,BTCUSDT,0.0,220.71100000000308,92478.5,90207.5
2026-01-12,06:50:42,BTCUSDT,0.0,220.71100000000308,92478.5,90207.5
2026-01-12,06:51:44,BTCUSDT,0.0,220.71100000000308,92478.5,90207.5
2026-01-12,06:52:44,BTCUSDT,0.0,220.931000000003,92478.5,90207.5
2026-01-12,06:53:47,BTCUSDT,0.0,220.931000000003,92478.5,90207.5
2026-01-12,06:54:50,BTCUSDT,0.0,220.931000000003,92478.5,90207.5
2026-01-12,06:55:50,BTCUSDT,0.0,220.931000000003,92478.5,90207.5
2026-01-12,06:56:51,BTCUSDT,0.0,220.931000000003,92478.5,90207.5
2026-01-12,06:57:52,BTCUSDT,0.0,220.70100000000295,92478.5,90207.5
2026-01-12,06:58:52,BTCUSDT,0.0,220.70100000000295,92478.5,90207.5
2026-01-12,06:59:53,BTCUSDT,0.0,220.70100000000295,92478.5,90207.5
2026-01-12,07:00:54,BTCUSDT,0.0,220.70100000000295,92478.5,90207.5
2026-01-12,07:01:54,BTCUSDT,0.0,220.70100000000295,92478.5,90207.5
2026-01-12,07:02:55,BTCUSDT,0.0,220.70100000000295,92478.5,90207.5
2026-01-12,07:03:56,BTCUSDT,0.0,220.70100000000295,92478.5,90207.5
2026-01-12,07:04:57,BTCUSDT,0.0,220.70100000000295,92478.5,90207.5
2026-01-12,07:05:57,BTCUSDT,0.0,220.70100000000295,92478.5,90207.5
2026-01-12,07:07:01,BTCUSDT,0.0,220.70100000000295,92478.5,90207.5
2026-01-12,07:08:02,BTCUSDT,0.0,220.57300000000296,92478.5,90207.5
2026-01-12,07:09:03,BTCUSDT,0.0,220.57300000000296,92478.5,90207.5
2026-01-12,07:10:04,BTCUSDT,0.0,220.57300000000296,92478.5,90207.5
2026-01-12,07:11:04,BTCUSDT,0.0,220.57300000000296,92478.5,90207.5
2026-01-12,07:12:05,BTCUSDT,0.0,220.57300000000296,92478.5,90207.5
2026-01-12,07:13:06,BTCUSDT,0.0,220.93300000000295,92478.5,90207.5
2026-01-12,07:14:07,BTCUSDT,0.0,220.93300000000295,92478.5,90207.5
2026-01-12,07:15:08,BTCUSDT,0.0,220.93300000000295,92478.5,90207.5
2026-01-12,07:16:08,BTCUSDT,0.0,220.93300000000295,92478.5,90207.5
2026-01-12,07:17:09,BTCUSDT,0.0,220.93300000000295,92478.5,90207.5
2026-01-12,07:18:10,BTCUSDT,0.0,220.93300000000295,92478.5,90207.5
2026-01-12,07:19:10,BTCUSDT,0.0,220.93300000000295,92478.5,90207.5
2026-01-12,07:20:11,BTCUSDT,0.0,220.93300000000295,92478.5,90207.5
2026-01-12,07:21:12,BTCUSDT,0.0,220.93300000000295,92478.5,90207.5
2026-01-12,07:22:12,BTCUSDT,0.0,220.93300000000295,92478.5,90207.5
2026-01-12,07:23:13,BTCUSDT,0.0,221.0630000000029,92478.5,90207.5
2026-01-12,07:24:15,BTCUSDT,0.0,221.0630000000029,92478.5,90207.5
2026-01-12,07:25:15,BTCUSDT,0.0,221.0630000000029,92478.5,90207.5
2026-01-12,07:26:16,BTCUSDT,0.0,221.0630000000029,92478.5,90207.5
2026-01-12,07:27:17,BTCUSDT,0.0,221.0630000000029,92478.5,90207.5
2026-01-12,07:28:22,BTCUSDT,0.0,221.36600000000294,92478.5,90207.5
2026-01-12,07:29:28,BTCUSDT,0.0,220.92100000000292,92478.5,90207.5
2026-01-12,07:30:33,BTCUSDT,0.0,220.92100000000292,92478.5,90207.5
2026-01-12,07:31:34,BTCUSDT,0.0,220.92100000000292,92478.5,90207.5
2026-01-12,07:32:39,BTCUSDT,0.0,220.92100000000292,92478.5,90207.5
2026-01-12,07:33:39,BTCUSDT,0.0,220.92100000000292,92478.5,90207.5
2026-01-12,07:34:40,BTCUSDT,0.0,220.92100000000292,92478.5,90207.5
2026-01-12,07:35:41,BTCUSDT,0.0,220.92100000000292,92478.5,90207.5
2026-01-12,07:36:41,BTCUSDT,0.0,220.92100000000292,92478.5,90207.5
2026-01-12,07:37:42,BTCUSDT,0.0,220.92100000000292,92478.5,90207.5
2026-01-12,07:38:43,BTCUSDT,0.0,221.02900000000292,92478.5,90207.5
2026-01-12,07:39:43,BTCUSDT,0.0,221.02900000000292,92478.5,90207.5
2026-01-12,07:40:44,BTCUSDT,0.0,221.02900000000292,92478.5,90207.5
